name,priority,notes,file_url,notion_url
The ULTIMATE Print-on-Demand Design Tutorial - Alek,High,,https://docs.google.com/document/d/16elxBStAPGz-6gLf3So0PU62BqD0rfwE2_dx7jEnJas/edit?tab=t.0,https://app.notion.com/p/183ed686b47d808e9444cc4944ee3f61
Etsy Plan of Action,High,,https://docs.google.com/document/d/10pfF0LKnixnlIEtTrHp-QLYR2kx6Kh2Vrn8fTvCkbQ0/edit?tab=t.0#heading=h.hvursko3ou3w,https://app.notion.com/p/183ed686b47d80f3ab0cf891ed7751b8
If I started EtsyToday - YouTube Video,High,C U Online,https://docs.google.com/document/d/1h4ja9IDZ1Gc8jDqRa1-8TTeU_JC-HEc3sQav-9g_jaM/edit?tab=t.0,https://app.notion.com/p/183ed686b47d80b2bbecdbf02f9f70a2
Alek Vid - Scale Shop quickly,High,,https://docs.google.com/document/d/1FcHMaig-3x7ruwKfc3Gt53Nml-SNuItnhrRYHtUa0pQ/edit?tab=t.0,https://app.notion.com/p/183ed686b47d8057a601de99c9c11c7c
Research Etsy Notes - Andreas,High,,https://docs.google.com/document/d/1O_CnFB-o8pMJgbJ0wnTrKpyE3F6bzhRBVMR4jrMVLOs/edit?tab=t.0,https://app.notion.com/p/183ed686b47d8097abedfc43c8a19e3f
Etsy - Andreas Notes,High,,https://docs.google.com/document/d/1j6Qu3ZFCFmmIo7IRrbrd_SlnPHJD9RD_4pRQSkxdOBk/edit?tab=t.0,https://app.notion.com/p/183ed686b47d801481fbeed4480603bb
Alek Course Etsy Notes,High,,https://docs.google.com/document/d/16gh1foAkR_2ccw6skjJybyB9T5SxC64OB3pztnu-hLc/edit?tab=t.0,https://app.notion.com/p/183ed686b47d809a8194cbd93cf62dde
Publishing Checklist,High,,https://prod-files-secure.s3.us-west-2.amazonaws.com/de9119a2-4b58-44ba-885e-86ff5096b9bb/f0547723-f416-40c7-9065-6ec1e874c006/Screenshot_2025-01-22_at_15.52.47.png,https://app.notion.com/p/183ed686b47d807c935dd996e5c44f02
Typical Figma Ideas Board,High,,https://prod-files-secure.s3.us-west-2.amazonaws.com/de9119a2-4b58-44ba-885e-86ff5096b9bb/7e645cfa-7038-403a-9ea0-cce653fed4e9/Screenshot_2025-01-22_at_15.53.49.png,https://app.notion.com/p/183ed686b47d80a89b19da27422bd90f
Andreas - 5 Easy Design Tips to Create Shirts That Sell and How To Create Them,Medium,,https://docs.google.com/document/d/1EWZDM6pRWArd36RT6myZPi_LtPtquY_h8iqPrTB0HSs/edit?tab=t.0,https://app.notion.com/p/183ed686b47d8019bc59e0a2fedbbd07
Santrel Best Way To Start Print On Demand in 2024 (Complete Tutorial,Medium,,https://docs.google.com/document/d/1ehioxyvS-P3lytPXJEGs7fi3K5rsv1PxoCq1DZGmSzE/edit?tab=t.0,https://app.notion.com/p/183ed686b47d80ae9505dd7bfe330d7d
Alek Notes Making Designs,Low,Put in workflow,https://docs.google.com/document/d/1l-D1np5jJQP7Qki8LAiUueqD6EnkjA7WjMSSn9vqSmE/edit?tab=t.0,https://app.notion.com/p/182ed686b47d80628069e892e7d93ea8
Alek Course Policies,Low,,https://docs.google.com/document/d/18HzWYl3mq_OFrQoEVx3Q5MmpRBc0J5WrC9nqliU5O_4/edit?tab=t.0,https://app.notion.com/p/183ed686b47d807e8c89d2b4c471d53e
"The Canva Ai Side Hustle That's Earning $1,180+/Day - Wholesale Ted",Low,,https://docs.google.com/document/d/17GUUBE1e9AGV7dQU4NFkU8N3F0cBkatqMFrC8Y6dCX8/edit?tab=t.0,https://app.notion.com/p/183ed686b47d8091b1cdcdf495069b9e
Easiest Way to Start Print on Demand in 2025 - Alek,Low,,https://docs.google.com/document/d/1gXVDaE_VscwMN7JVyA2WufhrtQiVz01Q5mpNWjIfLdc/edit?tab=t.0,https://app.notion.com/p/183ed686b47d808db1d9d9614884e580
My Top 4 Game-Changing Print on Demand Tools (budget friendly) - CU Online,Low,,https://docs.google.com/document/d/1SmxTExg3hrY3Mc1G7vy3No8OCdT6a_7U8aROITuuvh4/edit?tab=t.0,https://app.notion.com/p/183ed686b47d8064ac52e5c5f85a2fa3
TopNotchThreadz Listing Spreadsheet,Low,,https://docs.google.com/spreadsheets/d/12so2LNiE8FAIFCRv6u2PEiqOJth62vsO7KsHF2IJQWM/edit?gid=0#gid=0,https://app.notion.com/p/183ed686b47d80c5badbc2b4395860c8
Etsy notes Cassiy Johnson,Low,,https://docs.google.com/document/d/12x9_aNJV-703JaEQJyQXcOZahhFCUMdBlI5jQR3-slY/edit?tab=t.0,https://app.notion.com/p/183ed686b47d80bbb342c6417d5b342e
Pod Insights - Chris Heckman,Low,,https://docs.google.com/document/d/1Q9sHRqzT3eX6XNxxrQkx3ByPSIuploVdEkZL-645YXM/edit?tab=t.0,https://app.notion.com/p/183ed686b47d80e190c3fd5cd24d1fdb
Etsy Starting Plan,Low,,https://docs.google.com/document/d/1T0SR-qo_OMcDjdJjP8NMAXB6hTkeceTTljAjUdupNZI/edit?tab=t.0,https://app.notion.com/p/183ed686b47d806ba8caff89ce20963f
How Top Etsy Sellers Create 100+ Designs in Just 1 Hour - Cassi Johnson,Low,,https://docs.google.com/document/d/1MsuK_zwM1ki57O0KXnFfNqV8A0lfQh64yKp-5MjtJN4/edit?tab=t.0,https://app.notion.com/p/183ed686b47d80e7b0b7cf07a0856ca2
Cassiy Notes on Top New Etsy Stores,Low,,https://docs.google.com/document/d/1rcvBo7IGntM5-SC4ra-4RNzZPE2nDNSB-RAI8r0rE6Y/edit?tab=t.0,https://app.notion.com/p/183ed686b47d80bd9165e0fede1bec8c
Wholesale Ted 15 Genius Printify Hacks In Under 10 Minutes,Low,,https://docs.google.com/document/d/1GflfcppWLD_263yX5u-WrnCQ0dNloQMWo5cos9i_47Q/edit?tab=t.0,https://app.notion.com/p/183ed686b47d8033b5b2cc62b31f4f9c
Liam James Kay - Etsy,Low,,https://docs.google.com/document/d/1SxFQVUp4mqiOe4kQY12KQhUxDd1zZRyjwtWg7NLIkzk/edit?tab=t.0,https://app.notion.com/p/183ed686b47d8002b4fed5ec0c94c23d
"9 Tip BEFORE You Start Print on Demand - My Thoughts After $1,000,000+",Low,,https://docs.google.com/document/d/1nPGx3eUD1WK6pNGOFkDemAGG3oo3iNxYtmxtV_cCNYg/edit?tab=t.0,https://app.notion.com/p/183ed686b47d80dbbf03dfdb792ea8bb
Wholesale Ted THIS Is How I Get Free Traffic On Etsy...,Low,,https://docs.google.com/document/d/1G1iVXqBdocu9hjugoWttO2Xn2OFtj5MHdmS4Lf-IdFc/edit?tab=t.0,https://app.notion.com/p/183ed686b47d800f945bd2a20d30f3f7
Alek - Easiest Way To Start Print-on-Demand in 2024 (From Scratch),Low,,https://docs.google.com/document/d/1eScIL-f-Umn1UH3BEi1VyiPCkCFjcyKvkIfKyRRDtK8/edit?tab=t.0,https://app.notion.com/p/183ed686b47d806a824adf1312ebf994
Mark Tilbury - Passive Income: How I Started Print On Demand with $0 (STEP BY STEP),Low,,https://docs.google.com/document/d/1bkQ5gZYA9vnPMgMGOyEXxDkSD-6Oa3MrYdgaGIeVzDg/edit?tab=t.0,https://app.notion.com/p/183ed686b47d804ba192d722988e0079
I Made $509/Day With Basic Affiliate Marketing Videos - here's how,Low,,https://docs.google.com/document/d/1hsQYcRObpsYoyoxotRuRKH1cSxqoJBZR2-cRB7e3k0I/edit?tab=t.0,https://app.notion.com/p/183ed686b47d80e7afdcd4333ff5679d
POD Products That Make Me 400k/Year on Etsy,Low,Put on sweatshirts Gildan 18000 and Comfort Colours 1717,https://docs.google.com/document/d/1_Fsst8wnsNascXV7bCu0Lif7yRN4HJLObzLoPTE_2cQ/edit?tab=t.0,https://app.notion.com/p/195ed686b47d80d18faed28806ba2ddc
