name,url,tags,created,notion_url
Christian Christmas Sweatshirt Jesus Christmas Shirt Faith Holiday Shirt Comfort Colors Religious Christmas Tshirt God Christian Graphic Tee,https://www.etsy.com/uk/listing/4394964287/christian-christmas-sweatshirt-jesus,,2025-12-29T16:32:17Z,https://app.notion.com/p/2d8ed686b47d81fb941bff7da6f597ed
"Greatest Gift of All, Nativity Shirt, Christian Christmas Shirt, Religious Christmas Shirt, Merry Christmas Tee, Bible Verse Shirt",https://www.etsy.com/uk/listing/1796658078/greatest-gift-of-all-nativity-shirt,,2025-12-29T16:32:12Z,https://app.notion.com/p/2d8ed686b47d81e9a613d5f98045924c
Custom christmas jesus - Etsy UK,https://www.etsy.com/uk/search?q=custom%20christmas%20jesus,,2025-12-29T16:32:04Z,https://app.notion.com/p/2d8ed686b47d81858d75c7fb4ff9f34c
Christmas jesus - Etsy UK,https://www.etsy.com/uk/search?q=christmas%20jesus&explicit=1&is_best_seller=true,,2025-12-29T16:31:56Z,https://app.notion.com/p/2d8ed686b47d81ee90f5c6ad29b4e2c0
SaltyGraceStudio - Etsy UK,https://www.etsy.com/shop/SaltyGraceStudio,,2025-12-29T16:31:44Z,https://app.notion.com/p/2d8ed686b47d81039308e04f26e889cd
Embroidered shirt - Etsy UK,https://www.etsy.com/uk/search?q=emroidered+shirt,,2025-12-29T16:28:08Z,https://app.notion.com/p/2d8ed686b47d81e5a1d3fc0e214f42fd
"I Require Snacks Embroidered Raccoon Tee - Funny Comfort Colors Shirt, Goblincore Animal Lover Gift",https://www.etsy.com/uk/listing/4329344253/i-require-snacks-embroidered-raccoon-tee,,2025-12-29T16:28:02Z,https://app.notion.com/p/2d8ed686b47d813cbafbc0e09d3d4e80
PineSpiceBooks - Everbee Shop Analyzer,https://app.everbee.io/shop-analyzer/PineSpiceBooks,,2025-12-29T16:27:48Z,https://app.notion.com/p/2d8ed686b47d8198a34af919e77cd848
Embroidered tshirt custom comfort colors - Etsy UK,https://www.etsy.com/uk/search?q=embroidered%20tshirt%20custom%20comfort%20colors,,2025-12-29T16:27:39Z,https://app.notion.com/p/2d8ed686b47d813d93bde21ea8276fca
"I Hope This Email Finds You Shirt, Funny Chick Embroidered Tee, Comfort Colors 1717",https://www.etsy.com/listing/4391692420/i-hope-this-email-finds-you-shirt-funny,,2025-12-29T16:27:27Z,https://app.notion.com/p/2d8ed686b47d816fa19be309099364e2
"Custom Comfort Colors T-shirt, Personalized Embroidered T-shirts, Embroidered Comfort Colors Tee",https://www.etsy.com/uk/listing/1905801865/custom-comfort-colors-t-shirt,,2025-12-29T16:27:20Z,https://app.notion.com/p/2d8ed686b47d8178b3cfe3640a6564cb
Embroidered sweatshirt best sellers - Etsy UK,https://www.etsy.com/uk/search?q=embroidered%20sweatshirt&ship_to=US&explicit=1&is_best_seller=true,,2025-12-29T16:27:14Z,https://app.notion.com/p/2d8ed686b47d8179bb48f0dc3016e39d
Embroidered Christmas Sweatshirt: Merry Christmas Bow Design,https://www.etsy.com/uk/listing/4390296782/embroidered-christmas-sweatshirt-merry,,2025-12-29T16:26:57Z,https://app.notion.com/p/2d8ed686b47d81c289a8cbd40aef5b8f
Merry christmas shirt - Etsy UK,https://www.etsy.com/uk/search?q=merry+christmas+shirt,,2025-12-29T16:26:48Z,https://app.notion.com/p/2d8ed686b47d811fad40dbf15ab647ae
